序号,链接,节点数
0,https://clashnode.com/wp-content/uploads/2024/09/20240922.txt,0
1,https://nodefree.org/dy/2024/09/20240922.yaml,28
2,https://oneclash.cc/wp-content/uploads/2024/09/20240922.txt,35
3,https://v2rayshare.com/wp-content/uploads/2024/09/20240922.txt,50
4,https://wefound.cc/freenode/2024/09/20240920.txt,0
5,https://fastestcloud.xyz/api/v1/client/subscribe?token=c0a4aafbde9d90c05d1aebf0b2440778,0
6,https://gitlab.com/colloq168/nodefiltrate/-/raw/main/filtrate?ref_type=heads,8
7,https://jc.openxai.link/,0
8,https://nodefree.org/dy/2024/03/20240320.txt,50
9,https://oss.v2rayse.com/proxies/data/2024-03-20/2u1ntze.txt,23
10,https://prop.cf/?name=paimon&client=base64,0
11,https://prop.cf/?name=paimon&client=clash,0
12,https://raw.githubusercontent.com/Huibq/TrojanLinks/master/links/vmess,45
13,https://raw.githubusercontent.com/abshare/abshare.github.io/main/README.md,92
14,https://raw.githubusercontent.com/aiboboxx/v2rayfree/main/v2,418
15,https://raw.githubusercontent.com/freefq/free/master/v2,15
16,https://raw.githubusercontent.com/mianfeifq/share/main/README.md,0
17,https://raw.githubusercontent.com/mksshare/mksshare.github.io/main/README.md,106
18,https://raw.githubusercontent.com/ripaojiedian/freenode/main/clash,22
19,https://raw.githubusercontent.com/ripaojiedian/freenode/main/sub,22
20,https://v2rayshare.com/wp-content/uploads/2024/03/20240320.txt,50
21,https://vpnyyds.link/free,0
22,https://www.ckcloud.xyz/api/v1/client/subscribe?token=528fedb391871a0a9b557c5369781ba9,0
23,https://xn--30rs3bu7r87f.com/api/v1/client/subscribe?token=2b981ee5d0170cb3196bcf7017148807,0
24,dynamic://kkzui,0
25,dynamic://sharkdoor,10

总计,,167
